{"cameraMode":{"drawMode":0,"name":"Shaded","section":"Shading Mode"},"sceneLighting":false,"audioPlay":false,"sceneViewState":{"m_AlwaysRefresh":false,"showFog":true,"showSkybox":false,"showFlares":true,"showImageEffects":true,"showParticleSystems":true,"showVisualEffectGraphs":true,"m_FxEnabled":true},"in2DMode":false,"pivot":{"x":3.592695474624634,"y":2.8458008766174318,"z":3.2696304321289064},"rotation":{"x":-0.5519196391105652,"y":0.06689010560512543,"z":-0.044477447867393497,"w":-0.8300254344940186},"size":6.518213272094727,"orthographic":false}