{"cameraMode":{"drawMode":0,"name":"Shaded","section":"Shading Mode"},"sceneLighting":true,"audioPlay":false,"sceneViewState":{"m_AlwaysRefresh":false,"showFog":true,"showSkybox":true,"showFlares":true,"showImageEffects":true,"showParticleSystems":true,"showVisualEffectGraphs":true,"m_FxEnabled":true},"in2DMode":false,"pivot":{"x":2.5496699810028078,"y":-1.1285775899887086,"z":-0.10967002809047699},"rotation":{"x":0.32217535376548769,"y":0.3203597068786621,"z":-0.11687128990888596,"w":0.8831248879432678},"size":6.768043041229248,"orthographic":false}